Tilda UID,Brand,SKU,Mark,Category,Title,Description,Text,Photo,Price,Quantity,Price Old,Editions,Modifications,External ID,Parent UID,Characteristics:Страна,Characteristics:Винтаж,Characteristics:Регион,Characteristics:Состав,Characteristics:Объем,Characteristics:Алк.,Characteristics:PR,Characteristics:Субрегион,Characteristics:WS,Characteristics:Тип,Characteristics:Vinous,Characteristics:JS,Characteristics:RP,Characteristics:Страна производства,Characteristics:Производитель,Characteristics:Материал,Characteristics:Терруар,Characteristics:Площадь виноградника,Characteristics:Возраст лоз,Characteristics:Особенности производства,Characteristics:Интересный факт,Characteristics:Декантер,Characteristics:Коллекция,Characteristics:Потенциал зрелости,Weight,Length,Width,Height,SEO title,SEO descr,FB title,FB descr,Url
840791378266,Chateau Latour,,,Франция;MarketWinetime;Latour;Angelus 2;Пойяк;100 Points;Бордо;Secret-Margaux,"Chateau Latour premier grand Cru Classe 2004, 750 ml",,"«Вино урожая 2004 года Латур может похвастаться плотным фиолетовым цветом, а также классическим носом из чернил, черной смородины, сладкой вишни, гравия и минералов. Несмотря на то, что он выдержан в 100% новом французском дубе, намека на древесность нет в помине. Он обладает прекрасной текстурой, умеренно высоким танином, невероятной концентрацией и долгим, насыщенным послевкусием. Блестящее вино из сложного винтажа, оно должно оказаться на пике зрелости между 2013 и 2035 годами. Спасибо всем в Латур!» <br /><em>Wine advocate, 2006 </em><br />",https://static.tildacdn.com/tild6331-3864-4562-a631-353137393133/Latour_2004.jpg,124000.00,,,,,ev3Y5eodcAZUChOCg6tV,,Франция,2004,Бордо,"мерло, каберне совиньон, каберне фран","0,75","13,5%",95,Пойяк,95,"Красное, сухое",,19,95,Франция,https://www.chateau-latour.com/en,,"Урожай для главного вина собирают с виноградника Анкло (Enclos), основанного в 1794 году. Почва: глина, мергель, глубокий слой гравия. Один из лучших терруаров Бордо. ",47 га,40 лет,"Начиная с 2015 года на винограднике Анкло в Шато Латур полностью органическое хозяйствование, причем 50% виноградника возделывается биодинамически. Винификация в стали: для каждого участка - отдельная емкость, размер которой соответствует его площади. Всего 80 емкостей объемом от 12 до 164 гектолитров. Винодельня организована по гравитационному принципу: перекачки происходят без контакта с воздухом и руками винодела, что позволяет стабилизировать вино. Выдержка в бочках из французского дуба (100% новых бочек). Время выдержки индивидуально для каждого винтажа. ",,не используйте декантер,можно пить сейчас,2020 - 2045,0,0,0,0,,,,,https://winetime.moscow/chateau-latour-premier-grand-cru-classe-2004
525247186808,Chateau Haut-Brion,,,Франция;MarketWinetime;Haut-Brion;Rare Wines;Бордо;Редкие вина;Secret-Margaux,"Chateau Haut-Brion Premier Cru Classe 1990, 750 ml",,"«Cовершенное, одно из великих О-Брион последних 25 лет, это вино несколько затерялось в тени бессмертного 1989 года. Оно продолжает набирать силу и на деле более развито, чем 1989. Оно демонстрирует классические для О-Брион ароматы нагретой земли, опаленной солнцем травы, табака, сладкой корицы, фиников и черной смородины. Роскошное, объемное, текстурированное вино, полнотелое, с большой концентрацией, превосходной чистотой, низкой кислотностью и очень сладкими, плавно интегрированными танинами. Вино уже показывает большую сложность и доступность, ему чрезвычайно трудно сопротивляться. Ожидаемая зрелость: сейчас-2020 год».<br /><em>Wine advocate, 2003</em><br /><br />«С точки зрения блестящей сложности и благородства ароматики - выжженной земли, черной смородины, слив, древесного угля, кедра и специй - 1990 предлагает ароматический взрыв, который не имеет себе равных. Интересно пробовать его после 1989 - монументального, но гораздо менее развитого и плотного, без ароматической сложности 1990 года. 1990 год набрал вес после розлива и сейчас это полнотелое, богатое и яркое по стандартам О-Брион. Это невероятное выражение благородного терруара в топовом винтаже. Будучи зрелым уже несколько лет, он все еще не дает никакого кирпичного края, и я подозреваю, что он останется на этом уровне еще на 10-15 лет... но зачем ждать? Устоять невозможно. Ожидаемая зрелость 2009-2024 гг.».<br /><em>Wine advocate, 2009</em><em></em><br />",https://static.tildacdn.com/tild3030-3932-4761-b831-626235316532/Haut-Brion_1990.jpg,216970.00,2,,,,elpVLXhVIcHPBS3K3f3G,,Франция,1990,Бордо,"каберне совиньон, мерло, каберне фран","0,75","13,5%",98,Пессак Леоньян,94,"Красное, сухое",,,98,Франция,haut-brion.com,,"48 га виноградников расположены на большой гравийной террасе, в составе верхнего слоя почвы - мелкий кварц разных типов. Подпочва - глина, песок, известняк.",48 га,36 лет," Ручной сбор и сортировка, ферментация и мацерация при контролируемой температуре в цистернах из нержавеющей стали в течение двух недель. Выдержка в новых французских бочках в течение 20-24 месяцев.",,не используйте декантер,вино в лучшей форме,2009 - 2024,0,0,0,0,,,,,https://winetime.moscow/chateau-haut-brion-premier-cru-classe-1990
955179593200,Chateau Haut-Brion,,,Франция;MarketWinetime;Haut-Brion;Выключенные;Бордо;Secret-Margaux,"Chateau Haut-Brion Premier Cru Classe 1995, 750 ml",,"«Забавно метаться между 1995 и 1996 - двумя прекрасными винтажами О-Брион. 1995 год кажется мне с более мягкотанинным, немного более маслянистым и округлым по сравнению с более структурированным и мускулистым 1996 годом. Безусловно, в 1995 году блестящий администратор Жан Дельма справился безупречно. В результате О-Брион – глубоко рубиново-пурпурного цвета, плотный, с многообещающим ароматом (тлеющие древесные угли, смешанные с ванилью, коробка из-под специй, земля, минералы, сладкая вишня и черная смородина) от средне- до полнотелого, с высоким уровнем зрелых, но сладких танинов и послевкусием, длящимся 40-45 секунд. Это вино только начинает проявляться, выходя из очень закрытого состояния, в котором оно «засело» упорно и упрямо. Ожидаемая зрелость: 2006-2035 гг.». <br /> <em>Wine advocate, 2003 </em><br />",https://static.tildacdn.com/tild6266-6461-4237-b338-653330633962/Haut-Brion_1995.jpg,154700.00,,,,,3GUSs4IBPojOjokmLTTo,,Франция,1995,Бордо,"каберне совиньон, мерло, каберне фран","0,75","13,5%",96,Пессак Леоньян,95,"Красное, сухое",,,96,Франция,haut-brion.com,,"48 га виноградников расположены на большой гравийной террасе, в составе верхнего слоя почвы - мелкий кварц разных типов. Подпочва - глина, песок, известняк.",48 га,36 лет," Ручной сбор и сортировка, ферментация и мацерация при контролируемой температуре в цистернах из нержавеющей стали в течение двух недель. Выдержка в новых французских бочках в течение 20-24 месяцев.",,не используйте декантер,вино в лучшей форме,2003 - 2035,0,0,0,0,,,,,https://winetime.moscow/chateau-haut-brion-premier-cru-classe-1995
878095820339,Chateau Haut-Brion,,,Франция;MarketWinetime;Haut-Brion;Выключенные;Бордо;Secret-Margaux,"Chateau Haut-Brion Premier Cru Classe 2005, 750 ml",,,https://static.tildacdn.com/tild3262-6436-4230-a633-326138393037/haut-brion-2005.jpg https://static.tildacdn.com/tild6136-3863-4438-b838-613736393233/haut-brion-2008.jpg https://static.tildacdn.com/tild6335-3135-4331-b861-373566303538/haut-brion-2012.jpg,219000.00,,,,,OMs8tae9KoSXuMPE9PnE,,Франция,2005,Бордо,"каберне совиньон, мерло, каберне фран","0,75",14%,100,Пессак Леоньян,95,"Красное, сухое",,,100,Франция,haut-brion.com,,"48 га виноградников расположены на большой гравийной террасе, в составе верхнего слоя почвы - мелкий кварц разных типов. Подпочва - глина, песок, известняк.",48 га,36 лет," Ручной сбор и сортировка, ферментация и мацерация при контролируемой температуре в цистернах из нержавеющей стали в течение двух недель. Выдержка в новых французских бочках в течение 20-24 месяцев.",,используйте декантер для молодых вин,можно пить сейчас,2015 - 2045,0,0,0,0,Chateau Haut-Brion 2012,"Вино среднетельное с пышным вступлением, что редкость для 2012 года. Оно округлое, густое, гладкое со вкусом черной сливы и черной смородины - ближе к финишу. Послевкусие очень продолжительное - трюфель и белый перец, а через 15 минут можно почувствовать очень пряный привкус бекона или итальянской колбасы.",,,https://winetime.moscow/chateau-haut-brion-2005
153004697570,Chateau Haut-Brion,,,Франция;MarketWinetime;Haut-Brion;Бордо;Secret-Margaux,"Chateau Haut-Brion Premier Cru Classe 2012, 750 ml",,"Пробовал в 2012 году на слепой дегустации. У О-Брион 2012 очень открытый и изысканный букет ароматов пастилы и ликера из черной смородины, а также шиповника, что выдает очень чистый мерло. Вино среднетельное с пышным вступлением, что редкость для 2012 года. Оно округлое, густое, гладкое со вкусом черной сливы и черной смородины - ближе к финишу. Послевкусие очень продолжительное - трюфель и белый перец, а через 15 минут можно почувствовать очень пряный привкус бекона или итальянской колбасы. <br /><br /> <a href=""http://robertparker.com/""><em>RobertParker.com</em></a><em>, 2016 (Нил Мартин)</em> <br /><br />",https://static.tildacdn.com/tild6335-3135-4331-b861-373566303538/haut-brion-2012.jpg,128700.00,,,,,OMs8tae9KoSXuMPE9PnE,,Франция,2012,Бордо,"каберне совиньон, мерло, каберне фран","0,75",15%,96,Пессак Леоньян,95,"Красное, сухое",,,96,Франция,haut-brion.com,,"48 га виноградников расположены на большой гравийной террасе, в составе верхнего слоя почвы - мелкий кварц разных типов. Подпочва - глина, песок, известняк.",48 га,36 лет," Ручной сбор и сортировка, ферментация и мацерация при контролируемой температуре в цистернах из нержавеющей стали в течение двух недель. Выдержка в новых французских бочках в течение 20-24 месяцев.",,используйте декантер для молодых вин,в коллекцию,2022 - 2055,0,0,0,0,Chateau Haut-Brion 2012,"Вино среднетельное с пышным вступлением, что редкость для 2012 года. Оно округлое, густое, гладкое со вкусом черной сливы и черной смородины - ближе к финишу. Послевкусие очень продолжительное - трюфель и белый перец, а через 15 минут можно почувствовать очень пряный привкус бекона или итальянской колбасы.",,,https://winetime.moscow/chateau-haut-brion-2012
181479337923,Chateau Latour,,,Франция;MarketWinetime;Latour;Пойяк;RP 100;Бордо;Редкие вина;Secret-Margaux,"Chateau Latour premier grand Cru Classe 1949, 750 ml",,"Каждый раз, когда я пробую это вино, оно заигрывает с совершенством. Эта дегустация вновь стала захватывающим опытом. У него впечатляющий букет ароматов трюфеля, черного чая, сои, минералов, сладкого чернослива, кофе и черной смородины. Поначалу сладкое, с чувственной текстурой редкой пышности, полнотельное вино поразительной свежести. Послевкусие плотное, мясистое, сочное. Это вино всегда было прекрасным, и эта бутылка - не исключение. Оно полностью созрело уже 25-30 лет назад, и при правильном хранении точно проживет еще двадцать лет. <br /><br /> <em>Wine Advocate, 2000</em> <br /><br /><br /><br />Латур 1949 года обладает гораздо более выдающимися ароматическими характеристиками, чем его собратья 1945 и 1947. Классическое и элегантное, прекрасно выверенное, величественное вино. Очень в стиле своего региона (Пойяк): нотки черных ягод смешиваются с графитом и кедром, а ароматы третьего ряда едва различимы. Это послевоенный Пойяк в миниатюре. Вино среднетельное, с изящными танинами, великолепной кислотностью. Вкус черных ягод смешивается с графитом и дымом и чем ближе к сногсшибательному финишу, тем сильнее он раскрывается в своей неподражаемой деликатной манере. <br /><br /> <em>Vinous, 2018</em> <br /><br />",https://static.tildacdn.com/tild3065-3030-4366-a262-333736313239/tild6337-6633-4630-b.jpeg,618800.00,,,,,JPdPkMtF1RhK4RFEMhHV,,Франция,1949,Бордо,"каберне совиньон, мерло, каберне фран","0,75","12,5 %",98,Пойяк,97,"Красное, сухое",,,98,Франция,https://www.chateau-latour.com/en,,"Урожай для главного вина собирают с виноградника Анкло (Enclos), основанного в 1794 году. Почва: глина, мергель, глубокий слой гравия. Один из лучших терруаров Бордо. ",47 га,40 лет ,"Начиная с 2015 года на винограднике Анкло в Шато Латур полностью органическое хозяйствование, причем 50% виноградника возделывается биодинамически. Винификация в стали: для каждого участка - отдельная емкость, размер которой соответствует его площади. Всего 80 емкостей объемом от 12 до 164 гектолитров. Винодельня организована по гравитационному принципу: перекачки происходят без контакта с воздухом и руками винодела, что позволяет стабилизировать вино. Выдержка в бочках из французского дуба (100% новых бочек). Время выдержки индивидуально для каждого винтажа. ",,декантировать для снятия с осадка,вино в лучшей форме,2000 - 2020,0,0,0,0,Chateau Latour 1949,"У него впечатляющий букет ароматов трюфеля, черного чая, сои, минералов, сладкого чернослива, кофе и черной смородины. Поначалу сладкое, с чувственной текстурой редкой пышности, полнотельное вино поразительной свежести.",,,https://winetime.moscow/latour-1949
672406408091,Chateau Latour,,,Франция;MarketWinetime;Latour;Пойяк;Выключенные;Бордо;Secret-Margaux,"Chateau Latour premier grand Cru Classe 1995, 750 ml",,"У#nbsp;Латура 1995 прекрасный, непрозрачный, густой фиолетовый цвет. У#nbsp;него очень молодой букет ароматов: черносмородиновый ликер, ваниль, минералы. Вино скорее полнотельное, исключительно чистое, превосходно концентрированное с#nbsp;долгим, насыщенным, спелым 40-секундным послевкусием. Великолепный образец Латура! Стоит вину недолго побыть в#nbsp;бокале, у#nbsp;него проявляются нотки жареного кофе и#nbsp;нового дуба. Его можно хранить достаточно долго. Ожидаемая зрелость: 2012−2050.<br /><strong><span style=""font-size: 14px;"" data-redactor-tag=""span""><em>Robert Parker, 2003</em></span></strong>",https://static.tildacdn.com/tild3231-3830-4635-b439-613238613664/latour-1995.jpg,132000.00,,,,,JPdPkMtF1RhK4RFEMhHV,,Франция,1995,Бордо,"каберне совиньон, мерло, каберне фран","0,75","12,5%",96,Пойяк,94,"Красное, сухое",,,96,Франция,https://www.chateau-latour.com/en,,"Урожай для главного вина собирают с виноградника Анкло (Enclos), основанного в 1794 году. Почва: глина, мергель, глубокий слой гравия. Один из лучших терруаров Бордо. ",47 га,40 лет ,"Начиная с 2015 года на винограднике Анкло в Шато Латур полностью органическое хозяйствование, причем 50% виноградника возделывается биодинамически. Винификация в стали: для каждого участка - отдельная емкость, размер которой соответствует его площади. Всего 80 емкостей объемом от 12 до 164 гектолитров. Винодельня организована по гравитационному принципу: перекачки происходят без контакта с воздухом и руками винодела, что позволяет стабилизировать вино. Выдержка в бочках из французского дуба (100% новых бочек). Время выдержки индивидуально для каждого винтажа. ",,используйте декантер для молодых вин,вино в лучшей форме,2012 - 2050,0,0,0,0,,,,,https://winetime.moscow/chateau-latour-1995
379639022849,Chateau Latour,,,Франция;MarketWinetime;Latour;Пойяк;Rare Wines;RP 100;Бордо;Редкие вина;Secret-Margaux,"Chateau Latour premier grand Cru Classe 1982, 750 ml",,"1982 был великим винтажем, относительно теплым и плодородным. Он подарил нам вина необыкновенной глубины и яркости. У Латура 1982 гранатово-кирпичный цвет. Мощный букет ароматов аниса, сушеной розы, сандалового дерева и новой кожи. Глубже - ароматы вишневого бренди, ежевичного пирога, шелковицы и черносмородиновой пастилы. Полнотельное, насыщенное и пряное, очень фруктовое и пикантное. Эпически продолжительное послевкусие. <br /><br /><em>Wine advocate, 2019</em> <br /><br /><br />Объемное и мясистое. Полнотельное, с бархатистыми танинами и очень яркими нотами смородины, ягод и вишни. Сложно оценить - у этого вина все еще впереди. <br /><br /><em>Wine Spectator, 2001</em> <br /><br />",https://static.tildacdn.com/tild3336-6337-4139-b137-666133663834/latour-1982-1.jpg,496600.00,,,,,JPdPkMtF1RhK4RFEMhHV,,Франция,1982,Бордо,"каберне совиньон, мерло, каберне фран","0,75","12,5%",100,Пойяк,98,"Красное, сухое",,,100,Франция,https://www.chateau-latour.com/en,,"Урожай для главного вина собирают с виноградника Анкло (Enclos), основанного в 1794 году. Почва: глина, мергель, глубокий слой гравия. Один из лучших терруаров Бордо. ",47 га,40 лет,"Начиная с 2015 года на винограднике Анкло в Шато Латур полностью органическое хозяйствование, причем 50% виноградника возделывается биодинамически. Винификация в стали: для каждого участка - отдельная емкость, размер которой соответствует его площади. Всего 80 емкостей объемом от 12 до 164 гектолитров. Винодельня организована по гравитационному принципу: перекачки происходят без контакта с воздухом и руками винодела, что позволяет стабилизировать вино. Выдержка в бочках из французского дуба (100% новых бочек). Время выдержки индивидуально для каждого винтажа. ",,используйте декантер для молодых вин,вино в лучшей форме,2009 - 2059,0,0,0,0,Шато Латур Премьер Гран Крю Классе,"1982 был великим винтажем, относительно теплым и плодородным. Он подарил нам вина необыкновенной глубины и яркости. У Латура 1982 гранатово-кирпичный цвет. Мощный букет ароматов аниса, сушеной розы, сандалового дерева и новой кожи.",,,https://winetime.moscow/chateau-latour-1982
130114174051,Chateau Latour,,,Франция;MarketWinetime;Latour;Пойяк;Выключенные;Бордо;Secret-Margaux,"Chateau Latour premier grand Cru Classe 1990, 750 ml",,"Этот Латур очень сложно оценивать. Вино великолепное, очень сладкое и фруктовое, но у него совсем нет устойчивости, характерной для более поздних винтажей - 1996, 2000, 2003, 2005, 2006, 2008. Оно полнотельное, в нем много спелой черной смородины и глицерина, но мне все еще не хватает сложности, которая несомненно еще проявится. Оно все еще кажется слишком цельным для 19-летнего вина. Это не абсолютный чемпион, как мне казалось ранее, но опять же повторюсь - я ничуть не сомневаюсь, что оно станет гораздо более сложным. Ожидаемая зрелость: 2016-2035. <br /><br /> Wine Advocate, 2009 <br /><br />",https://static.tildacdn.com/tild6165-3365-4136-a630-383162343462/latour-1982-2.jpg,247000.00,,,,,JPdPkMtF1RhK4RFEMhHV,,Франция,1990,Бордо,"каберне совиньон, мерло, каберне фран","0,75","12,5%",95,Пойяк,94,"Красное, сухое",,,95,Франция,https://www.chateau-latour.com/en,,"Урожай для главного вина собирают с виноградника Анкло (Enclos), основанного в 1794 году. Почва: глина, мергель, глубокий слой гравия. Один из лучших терруаров Бордо. ",47 га,40 лет,"Начиная с 2015 года на винограднике Анкло в Шато Латур полностью органическое хозяйствование, причем 50% виноградника возделывается биодинамически. Винификация в стали: для каждого участка - отдельная емкость, размер которой соответствует его площади. Всего 80 емкостей объемом от 12 до 164 гектолитров. Винодельня организована по гравитационному принципу: перекачки происходят без контакта с воздухом и руками винодела, что позволяет стабилизировать вино. Выдержка в бочках из французского дуба (100% новых бочек). Время выдержки индивидуально для каждого винтажа. ",,не используйте декантер,можно пить сейчас,2016 - 2035,0,0,0,0,Шато Латур 1990,"Вино великолепное, очень сладкое и фруктовое, но у него совсем нет устойчивости, характерной для более поздних винтажей - 1996, 2000, 2003, 2005, 2006, 2008. Оно полнотельное, в нем много спелой черной смородины и глицерина, но мне все еще не хватает сложности, которая несомненно еще проявится.",,,https://winetime.moscow/chateau-latour-1990
850330568465,Chateau Latour,,,Франция;MarketWinetime;Latour;Пойяк;Бордо;Secret-Margaux,"Chateau Latour premier grand Cru Classe 2002, 750 ml",,"Было произведено всего 10 тысяч ящиков этого необыкновенно богатого, густого вина. Оно почти такое#nbsp;же мощное, как и#nbsp;его собрат Латур 2003 года. У#nbsp;него темный рубиново-фиолетовый цвет по#nbsp;краю. Букет ароматов с#nbsp;нотами грецкого ореха, раскрошенного камня, черной смородины и#nbsp;подлеска. Это густое, полнотельное вино#nbsp;— пышное и#nbsp;классическое с#nbsp;впечатляющей ароматикой, чудесной свежестью и#nbsp;плотным послевкусием, длящимся более 50 секунд. Вино очень насыщенное, со#nbsp;сладкими танинами, при этом у#nbsp;него впереди, без сомнения, долгая жизнь. Управляющий Шато Латур Фредерик Анжерер убежден, что это 2002#nbsp;— наиболее удачный из#nbsp;последних винтажей. Снимаю перед ним шляпу за#nbsp;блестяще исполненную работу с#nbsp;этим винтажем, от#nbsp;которого никто не#nbsp;ждал чего-то настолько выдающегося. Ожидаемая зрелость: 2012−2045.<br /><strong><span style=""font-size: 14px;"" data-redactor-tag=""span""><em>Wine Advocate, 2005</em></span></strong><br /><br /><br /><a href=""https://winetime.moscow/wm-latour"" style=""font-style: normal; font-variant-ligatures: normal; font-variant-caps: normal; background: transparent; border-bottom: 1px solid rgb(0, 68, 194); font-family: MontSingel, Arial, sans-serif; font-size: 18px; font-weight: 300; box-shadow: rgb(0, 68, 194) 0px -1px 0px 0px inset; color: rgb(0, 68, 194) !important;"">Читать</a> <em>о#nbsp;производителе</em>",https://static.tildacdn.com/tild6365-3464-4436-b462-666466373738/latour-2002.jpg,143520.00,,,,,JPdPkMtF1RhK4RFEMhHV,,Франция,2002,Бордо,"каберне совиньон, мерло, каберне фран","0,75",13%,96,Пойяк,96,"Красное, сухое",,"16,5",96,Франция,https://www.chateau-latour.com/en,,"Урожай для главного вина собирают с виноградника Анкло (Enclos), основанного в 1794 году. Почва: глина, мергель, глубокий слой гравия. Один из лучших терруаров Бордо. ",47 га,40 лет,"Начиная с 2015 года на винограднике Анкло в Шато Латур полностью органическое хозяйствование, причем 50% виноградника возделывается биодинамически. Винификация в стали: для каждого участка - отдельная емкость, размер которой соответствует его площади. Всего 80 емкостей объемом от 12 до 164 гектолитров. Винодельня организована по гравитационному принципу: перекачки происходят без контакта с воздухом и руками винодела, что позволяет стабилизировать вино. Выдержка в бочках из французского дуба (100% новых бочек). Время выдержки индивидуально для каждого винтажа. ",,используйте декантер для молодых вин,можно пить сейчас,2012 - 2045,0,0,0,0,,,,,https://winetime.moscow/chateau-latour-2002
184543026675,Chateau Latour,,,Франция;MarketWinetime;Latour;Пойяк;Бордо;Secret-Margaux,"Chateau Latour premier grand Cru Classe 2005, 750 ml",,"Латур 2005 (87% Каберне Совиньон + Мерло и#nbsp;Пти Вердо)#nbsp;— впечатляющая работа Шато Латур. У#nbsp;него чернильный сливово-фиолетовый цвет и#nbsp;прекрасный букет ароматов графита, черносмородинового ликера, присутствуют цветочные ноты и#nbsp;подлесок. Вино полнотельное, суперконцентрированное, и, как мне кажется, одно из#nbsp;двух-трех самых насыщенных, богатых и#nbsp;сложных вин во#nbsp;всех Медоке. У#nbsp;него великолепная текстура, чистота и#nbsp;послевкусие, которое длится 40−45 секунд. Танины удивительно сладкие для такого масштабного, мускулинного вина. Пейте его с#nbsp;2015 по#nbsp;2065.<br /><strong><span style=""font-size: 14px;"" data-redactor-tag=""span""><em>Wine Advocate, 2015</em></span></strong><br /><br /><a href=""https://winetime.moscow/wm-latour"" style=""text-decoration: line-through; background-color: transparent; border-bottom-width: 1px; border-bottom-style: solid; border-bottom-color: rgb(0, 68, 194); box-shadow: rgb(0, 68, 194) 0px -1px 0px 0px inset; color: rgb(0, 68, 194) !important; background-position: initial initial; background-repeat: initial initial;"">Читать</a><em> о#nbsp;производителе</em>",https://static.tildacdn.com/tild6232-6637-4232-b365-356430386532/latour-2005.jpg,220000.00,,,,,JPdPkMtF1RhK4RFEMhHV,,Франция,2005,Бордо,"каберне совиньон, мерло, пти вердо","0,75",13%,98,Пойяк,99,"Красное, сухое",,,98,Франция,https://www.chateau-latour.com/en,,"Урожай для главного вина собирают с виноградника Анкло (Enclos), основанного в 1794 году. Почва: глина, мергель, глубокий слой гравия. Один из лучших терруаров Бордо. ",47 га,40 лет,"Начиная с 2015 года на винограднике Анкло в Шато Латур полностью органическое хозяйствование, причем 50% виноградника возделывается биодинамически. Винификация в стали: для каждого участка - отдельная емкость, размер которой соответствует его площади. Всего 80 емкостей объемом от 12 до 164 гектолитров. Винодельня организована по гравитационному принципу: перекачки происходят без контакта с воздухом и руками винодела, что позволяет стабилизировать вино. Выдержка в бочках из французского дуба (100% новых бочек). Время выдержки индивидуально для каждого винтажа. ",,используйте декантер для молодых вин,в коллекцию,2020 - 2065,0,0,0,0,,,,,https://winetime.moscow/chateau-latour-2005
423600890873,Chateau Lafite Rothschild,,,France 2;Lafite;Пойяк;Бордо;Secret-Margaux,"Chateau Lafite Rothschild 2006, 750 ml",,"Шато Лафит Ротшильд 2006 выдает ароматы, впечатляющие фруктовой насыщенностью, хотя они и не такие отчетливые как ароматы Мутона 2006. Красные ягоды смешиваются с розовыми лепестками и ароматом подлеска - типичный букет и тот случай, когда меньше значит лучше. Вино среднетельное с изящными танинами и острой линией кислотности. Оно очень хорошо сбалансировано: черные фрукты с привкусом графита. Пока Мутон распускает павлиний хвост, Лафит сохраняет прямолинейность. Однако и здесь прослеживается известная изощренность - этот Лафит Ротшильд готовит вам несколько сюрпризов. Это одно из тех вин, которые останавливают вас и держат на расстоянии - недооцененная категория. Пейте его с 2018 по 2045. <br /><em>RobertParker.com, May 2016</em> <br /><br /> Ароматы сливы, сладкого табака и ежевики. Вино полнотельное, плотное и мясистое, при этом танины тонкие и изящные. Долгое и ласковое послевкусие. Оно превращается в мужественное, сильное молодое вино, которое с годами становится все лучше и лучше. Пейте его после 2014 года. <br /><em>Wine Spectator</em> <br />",https://static.tildacdn.com/tild3165-3435-4734-a130-343533653739/lafite-2006.jpg,219700.00,,,,,zIRNvS5LoadJjC1HYZFn,,Франция,2006,Бордо,"каберне совиньон , мерло, пти вердо","0,75","12,50%",95,Пойяк,95,"Красное, сухое",,,95,Франция,https://lafite.com/,,"112 га виноградников. Почва: гравий и песок на известняковой подпочве. Виноград для главного вина растет на лучших участках поместья - на склонах холмов, окружающих шато.",112 га,45 лет,Ферментация 50/50 в дубовых чанах и в стальных цистернах. Урожай разных сортов ферментируется отдельно. Смешивание происходит перед началом выдержки. Выдержка в течение 18−20 месяцев в барриках из нового французского дуба (100% новых бочек) собственного производства.,,используйте декантер для молодых вин,в коллекцию,2018 - 2045,0,0,0,0,,,,,https://winetime.moscow/lafite-rothschild-2006
960110016781,Chateau Haut-Brion,,,Новинки ноября;Франция;MarketWinetime;Haut-Brion;Выключенные;Бордо;Secret-Margaux,"Chateau Haut-Brion Premier Cru Classe 2011, 750 ml","Весна 2011 года была необычайно сухой. Несмотря на то что в апреле и мае прошли умеренные дожди, эту весну можно считать самой сухой с 1949 года. К счастью, в июне прошли небольшие дожди, и лозы воспользовались этим сполна, продолжив здоровый рост. Сентябрь выдался сухим, и урожай собрали в оптимальных условиях.","У Шато О-Брион 2011 нежный, соблазнительный букет ароматов спелой черешни и малины, нотки кожи и шоколада пока еще заметно дубовые, но в скором времени они интегрируются. Вино среднетельное, с изящными танинами и нежной текстурой, хорошо сбалансированное, хотя дуб в послевкусии все же чересчур силен. Несмотря на это, О-Брион 2011 - это классический Пессак-Леоньян. Он сдержаннее и консервативнее, чем другие последние винтажи, при этом статус и благородство, конечно, видны невооруженным глазом. <br /><br /> Wine advocate, 2016 <br />",https://static.tildacdn.com/tild3261-6430-4230-a332-646363323738/haut-brion-2011.jpg,129000.00,,,,,evPyNoxfnuR5XibUuZKz,,Франция,2011,Бордо,"каберне совиньон, мерло, каберне фран","0,75","13,5%",94,Пессак Леоньян,95,"Красное, сухое",,,94,Франция,haut-brion.com,,"48 га виноградников расположены на большой гравийной террасе, в составе верхнего слоя почвы - мелкий кварц разных типов. Подпочва - глина, песок, известняк.",48 га,36 лет,"Бленд 46% каберне совиньон, 35% мерло, 19% каберне фран. Ручной сбор и сортировка, ферментация и мацерация при контролируемой температуре в цистернах из нержавеющей стали в течение двух недель. Выдержка в новых французских бочках в течение 20-24 месяцев.","Весна 2011 года была необычайно сухой. Несмотря на то что в апреле и мае прошли умеренные дожди, эту весну можно считать самой сухой с 1949 года. К счастью, в июне прошли небольшие дожди, и лозы воспользовались этим сполна, продолжив здоровый рост. Сентябрь выдался сухим, и урожай собрали в оптимальных условиях.",используйте декантер для молодых вин,в коллекцию,2021 - 2045,0,0,0,0,,,,,https://winetime.moscow/haut-brion-2011
203286102931,Chateau Figeac,,,Figeac;2015;Бордо;Secret-Margaux,Chateau Figeac 2015,,"Не так давно великое хозяйство Шато Фижак вступило на путь серьезной модернизации, и результат заметен уже сейчас: вина стали заметно более насыщенными и сложными. Команда Фредерика Файе достигла грандиозных успехов, и свидетельство тому - этот выдающийся винтаж! Бленд 29% мерло, 43% каберне совиньон, 28% каберне фран. У Фижак 2015 глубокий гранатово-фиолетовый цвет и яркий букет ароматов черешни, черносмородинового ликера, красной смородины и сливы с заметными нотками лакрицы, сигарной коробки, пряных трав, попурри, сырой земли и черного перца. Вино среднетельное, с деликатной текстурой и многослойным вкусом красных и темных фруктов. Танины гладкие, округлые. Долгое свежее, минеральное послевкусие. <br /><br /> <em>Wine Advocate, 2019</em><br />",https://static.tildacdn.com/tild3066-6335-4034-a430-626265316234/figeac-2015.jpg,,,,,,0t3Gu30mjkaFvvR9gzjJ,,Франция,2015,Бордо,"каберне совиньон, каберне фран, мерло","0,75",14%,97,Сент-Эмильон,94,"Красное, сухое",,,97,Франция,https://www.chateau-figeac.com/en/,,"40 га виноградников расположены на границе с Помролем. Почва: гравий, глина, песок.",40 га,40 лет,"Бленд 43% каберне совиньон, 28% каберне фран, 29% мерло. Ручной сбор. Винификация в стальных емкостях, урожай с каждого участка проходит винификацию отдельно. Выдержка в течение 15-18 месяцев в новом французском дубе.",,используйте декантер для молодых вин,можно пить сейчас,2022-2047,0,0,0,0,,,,,https://winetime.moscow/figeac-2015
612875328771,,,,,Chateau Figeac 2015 / 750ml- 750ml,,,,49000.00,,,Объем:750ml,,d1nmp5Fpz0cvV5lHLIVr,203286102931,,,,,,,,,,,,,,,,,,,,,,,,,0,0,0,0,,,,,https://winetime.moscow/figeac-2015?editionuid=612875328771
140381274431,,,,,Chateau Figeac 2015 / 1500ml- 1500ml,,,,110000.00,,,Объем:1500ml,,J7PlGls8HK8ntPnelD8v,203286102931,,,,,,,,,,,,,,,,,,,,,,,,,0,0,0,0,,,,,https://winetime.moscow/figeac-2015?editionuid=140381274431
323487346591,Chateau Figeac,,,Франция;Figeac;2015;Бордо;Secret-Margaux,"Chateau Figeac 2012, 750 ml",,"Аромат Шато Фижак 2012 производит немедленное впечатление: яркие ноты ежевики и малины, восхитительная минеральность и детализированность. Заметна графитовая нотка, характерная больше для Пойяка, чем для Сент-Эмильона. Вино среднетельное, с изящными танинами, заметной линией кислотности. Гармоничное и устойчивое. Очень элегантный, хорошо сделанный Фижак, который пока что в самом начале своего пути.#nbsp;<br /><em>Wine Advocate, 2016</em>",https://static.tildacdn.com/tild3239-6361-4039-b537-366537313965/26000-x-4000.jpg,32546.00,,,,,5yvJg5Pyzi7xTbllg4Am,,Франция,2012,Бордо,"мерло, каберне фран, каберне совиньон","0,75","13,5%",93,Сент-Эмильон,91,"Красное, сухое",,,93,Франция,https://www.chateau-figeac.com/en/,,"40 га виноградников расположены на границе с Помролем. Почва: гравий, глина, песок.",40 га,40 лет,"Бленд 40% каберне совиньон, 40% мерло, 20% каберне фран. Ручной сбор. Винификация в стальных емкостях, урожай с каждого участка проходит винификацию отдельно. Выдержка в течение 15−18 месяцев в новом французском дубе.",,используйте декантер для молодых вин,можно пить сейчас,2022-2045,0,0,0,0,,,,,https://winetime.moscow/figeac-2012
770766701231,Chateau Lafite Rothschild,,,France 2;Lafite;Пойяк;Бордо;Secret-Margaux,"Chateau Lafite Rothschild 2002, 750 ml",,"Глубокий фиолетовый цвет. Аромат многослойный, насыщенный: ежевика, грифель, маслины, подлесок и кедр. Классический Пойяк, вино все время развивается в бокале. Очень соблазнительная мягкая, шелковистая текстура, во вкусе - ежевика, лесные ягоды, сладкий инжир. Ближе к финишу это вино становится более танинным и сдержанным, будто говорит: “На сегодня все!” Очень интригующее, изменчивое вино.<br /><em>Wine Advocate, 2009</em>",https://static.tildacdn.com/tild3635-3265-4666-b933-303337333964/36000-x-4000.jpg,230100.00,,,,,N7rHPxFHMfrn6xIG6ayC,,Франция,2002,Бордо,"каберне совиньон, мерло, каберне фран","0,75","13,50%",94,Пойяк,95,"Красное, сухое",,,94,Франция,https://lafite.com/,,"112 га виноградников. Почва: гравий и песок на известняковой подпочве. Виноград для главного вина растет на лучших участках поместья - на склонах холмов, окружающих шато.",112 га,45 лет,"87% каберне совиньон, 9.5% мерло, 3.5% каберне фран. Ферментация 50/50 в дубовых чанах и в стальных цистернах. Урожай разных сортов ферментируется отдельно. Смешивание происходит перед началом выдержки. Выдержка в течение 18−20 месяцев в барриках из нового французского дуба (100% новых бочек) собственного производства.",,не используйте декантер,вино в лучшей форме,до 2025,0,0,0,0,,,,,https://winetime.moscow/chateau-lafite-2002
485049474471,Chateau Lafite Rothschild,,,France 2;Lafite;Пойяк;Бордо;Редкие вина;Secret-Margaux,"Chateau Lafite Rothschild 1995, 1500 ml","Chateau Lafite Rothschild 1995 в объеме 1,5 литра. После четырех крайне неудачных сезонов первой половины 1990-х годов отличный 1995 год стал настоящим глотком свежего воздуха и подарил новую надежду как виноделам, так и любителям вина. Лафит 1995 - эталонное вино знаменитого года. Объем магнум идеален в подарок или в коллекцию. Продается в подарочном ящике.","Chateau Lafite Rothschild 1995 в объеме 1,5 литра. После четырех крайне неудачных сезонов первой половины 1990-х годов отличный 1995 год стал настоящим глотком свежего воздуха и подарил новую надежду как виноделам, так и любителям вина. Лафит 1995 - эталонное вино знаменитого года. Объем магнум идеален в подарок или в коллекцию. Продается в подарочном ящике.",https://static.tildacdn.com/tild6362-6565-4234-b537-616635636530/DSC_0553-2.jpeg,546000.00,,,,,BiIU9hbmcaf9iLTpT5JX,,Франция,1995,Бордо,"каберне совиньон, мерло, каберне фран","1,5","13,00%",95,Пойяк,96,"Красное, сухое",,,95,Франция,https://lafite.com/,,"112 га виноградников. Почва: гравий и песок на известняковой подпочве. Виноград для главного вина растет на лучших участках поместья - на склонах холмов, окружающих шато",112 га,45 лет,Ферментация 50/50 в дубовых чанах и в стальных цистернах. Урожай разных сортов ферментируется отдельно. Смешивание происходит перед началом выдержки. Выдержка в течение 18−20 месяцев в барриках из нового французского дуба (100% новых бочек) собственного производства.,"Chateau Lafite Rothschild 1995 в объеме 1,5 литра. После четырех крайне неудачных сезонов первой половины 1990-х годов отличный 1995 год стал настоящим глотком свежего воздуха и подарил новую надежду как виноделам, так и любителям вина. Лафит 1995 - эталонное вино знаменитого года. Объем магнум идеален в подарок или в коллекцию. Продается в подарочном ящике.",не используйте декантер,вино в лучшей форме,до 2035,0,0,0,0,,,,,https://winetime.moscow/chateau-lafite-rothschild-1995-15l
815576130411,Chateau Lafite Rothschild,,,France 2;Lafite;Пойяк;Бордо;Редкие вина;Secret-Margaux,"Chateau Lafite Rothschild 1998, 1500 ml","Chateau Lafite Rothschild 1998 года в магнуме - легендарная классика Бордо с высокими оценками винных критиков (RP 96, WS 95). Идеальный подарок любителю вина: этот Лафит уже достаточно зрелый, чтобы открыть и выпить его прямо сейчас, при этом потенциал хранения позволяет при желании положить его в коллекцию еще на двадцать лет. Продается в подарочном ящике.","Этот бленд 81% Каберне Совиньон и 19% Мерло представляет лишь 34% полного урожая Лафита. В этом далеком от совершенства винтаже Лафит 1998 произвел значительное впечатление сразу же после рождения. За последний год он набрал вес, и теперь это непрозрачное фиолетовое вино близко к совершенству. Яркие, величественные ароматы графитового карандаша, дыма, минералов и черной смородины доносятся из бокала. Вино элегантно, но при этом крайне богато - оно демонстрирует всю суть лафитовского характера. Танины сладкие, само вино очень многослойное, но совсем не тяжелое. Послевкусие сладкое, очень насыщенное, при этом безупречно сбалансированное и долгое (более 50 секунд). Окно зрелости: 2007-2035.<br /><strong>Wine Advocate</strong>",https://static.tildacdn.com/tild6133-6235-4233-b131-613563376462/DSC_0584.jpeg,495000.00,,,,,sTmcxTYyJa3ChpCFyUyY,,Франция,1998,Бордо,"каберне совиньон, мерло","1,5","13,00%",96,Пойяк,95,"Красное, сухое",,"16,5",96,Франция,https://lafite.com/,,"112 га виноградников. Почва: гравий и песок на известняковой подпочве. Виноград для главного вина растет на лучших участках поместья - на склонах холмов, окружающих шато.",112 га,45 лет,Ферментация 50/50 в дубовых чанах и в стальных цистернах. Урожай разных сортов ферментируется отдельно. Смешивание происходит перед началом выдержки. Выдержка в течение 18−20 месяцев в барриках из нового французского дуба (100% новых бочек) собственного производства.,"Chateau Lafite Rothschild 1998 года в магнуме - легендарная классика Бордо с высокими оценками винных критиков (RP 96, WS 95). Идеальный подарок любителю вина: этот Лафит уже достаточно зрелый, чтобы открыть и выпить его прямо сейчас, при этом потенциал хранения позволяет при желании положить его в коллекцию еще на двадцать лет. Продается в подарочном ящике.",используйте декантер для молодых вин,можно пить сейчас,2018 - 2050,0,0,0,0,,,,,https://winetime.moscow/lafite-1998
653897775401,Chateau Lafite Rothschild,,,France 2;Lafite;Пойяк;Бордо;Редкие вина;Secret-Margaux,"Chateau Lafite Rothschild 2012, 1500 ml","Chateau Lafite Rothschild 2012 года в объеме магнум— идеальный подарок любителю вина, а#nbsp;также отличная позиция для личной коллекции. Легендарная классика Бордо, исполненное элегантности вино с бесконечным потенциалом хранения.","Лафит Ротшильд 2012 - очень стильное, элегантное, но и достаточно концентрированное вино плотного рубиново-фиолетового цвета. В аромате доминируют грифель и черная смородина. Вино среднетельное, танины мягкие, дубовая нота уже хорошо интегрирована, кислотность и алкоголь - тоже на уровне. Должно быть на пике в 2020-2035.<br /><strong>Wine Advocate, 2015</strong>",https://static.tildacdn.com/tild3566-6636-4139-a636-613565383537/DSC_0578.jpeg,410000.00,,,,,54YBCKDy8hue9gsId2GD,,Франция,2012,Бордо,"каберне совиньон, мерло, пти вердо","1,5","12,50%",91,Пойяк,93,"Красное, сухое",,"18,5",91,Франция,https://lafite.com/,,"112 га виноградников. Почва: гравий и песок на известняковой подпочве. Виноград для главного вина растет на лучших участках поместья - на склонах холмов, окружающих шато.",112 га,45 лет,Ферментация 50/50 в дубовых чанах и в стальных цистернах. Урожай разных сортов ферментируется отдельно. Смешивание происходит перед началом выдержки. Выдержка в течение 18−20 месяцев в барриках из нового французского дуба (100% новых бочек) собственного производства.,"Chateau Lafite Rothschild 2012 года в объеме магнум— идеальный подарок любителю вина, а#nbsp;также отличная позиция для личной коллекции. Легендарная классика Бордо, исполненное элегантности вино с бесконечным потенциалом хранения.",используйте декантер для молодых вин,в коллекцию,2020 - 2035,0,0,0,0,,,,,https://winetime.moscow/chateau-lafite-2012-magnum
454476637331,Chateau Figeac,,,Франция;Figeac;Бордо;Secret-Margaux,"Chateau Figeac Premier Grand Cru Classe 2014, 1500ml",,,https://static.tildacdn.com/tild6234-6439-4537-b163-356131306434/figeac-2014-magnum.jpg,77219.00,,,,,2o3EcCtLZVClLI60vpRL,,Франция,2014,Бордо,"мерло, каберне фран, каберне совиньон","1,5",13%,94,Сент-Эмильон,93,"Красное, сухое",,,94,Франция,https://www.chateau-figeac.com/en/,,"40 га виноградников расположены на границе с Помролем. Почва: гравий, глина, песок.",40 га,40 лет,"Бленд 32% каберне совиньон, 28% каберне фран, 40% мерло. Ручной сбор. Винификация в стальных емкостях, урожай с каждого участка проходит винификацию отдельно. Выдержка в течение 15−18 месяцев в новом французском дубе.",,используйте декантер для молодых вин,в коллекцию,2022-2045,0,0,0,0,,,,,https://winetime.moscow/figeac-2014