Tilda UID;Brand;SKU;Mark;Category;Title;Description;Text;Photo;Price;Quantity;Price Old;Editions;Modifications;External ID;Parent UID;Characteristics:Страна;Characteristics:Винтаж;Characteristics:Регион;Characteristics:Состав;Characteristics:Объем;Characteristics:Алк.;Characteristics:PR;Characteristics:Субрегион;Characteristics:WS;Characteristics:Тип;Characteristics:Vinous;Characteristics:JS;Characteristics:RP;Characteristics:Страна производства;Characteristics:Производитель;Characteristics:Материал;Characteristics:Терруар;Characteristics:Площадь виноградника;Characteristics:Возраст лоз;Characteristics:Особенности производства;Characteristics:Интересный факт;Characteristics:Декантер;Characteristics:Коллекция;Characteristics:Потенциал зрелости;Weight;Length;Width;Height;SEO title;SEO descr;FB title;FB descr;Url
2,52E+11;Chateau Cheval Blanc;в наличии;;"Франция;MarketWinetime;Cheval Blanc;Выключенные;Бордо;Secret-Margaux";Chateau Cheval Blanc premier grand Cru Classe 2006, 750 ml;;«Как и всегда, Шваль Блан 2006 года выполнен в легком, элегантном стиле, в основе которого - утонченность, чистота и прекрасные нюансы. Глубокий рубиново-фиолетовый цвет сопровождается запахами гравия, ментола, малины, вишни, а также ассорти из синих и черных ягод. Безупречная интеграция нового дуба, среднетелость, потрясающие ощущения на небе и чистота, а также легкие танины позволяют предположить, что его можно будет пить через 2-3 года, оно все же должно набрать вес из-за большого компонента Каберне Фран. Хотя 2006 год не может затмить 2005, 2000 или 1998, он не далек от них с точки зрения качества и долговечности. Ожидаемый срок зрелости: 2012-2028 гг.». <br /><em>Wine Advocate, 2007</em> <br /><br /> «Шато Шваль Блан 2006 года показало себя очень хорошо. Демонстрируя многообещающе молодой темный сливово-рубиновый цвет, много лакрицы, черной малины и черной смородины, а также намеки на дым и подлесок, вино близко к полнотелому, богатое и, на мой взгляд, это типичный недооцененный образец винтажа. Пейте его в течение следующих 20-25 лет». <br /> <em>Wine Advocate, 2017</em> <br />;https://static.tildacdn.com/tild3434-6330-4336-b137-363533376531/Cheval_Blanc.jpg;154000.00;;;;;dNvcDg6y8I8MB7zcbfIL;;Франция;2006;Бордо;Мерло, Каберне Фран;0,75;14%;97;Сент-Эмильон;95;Красное, сухое;;18;97;Франция;https://www.chateau-cheval-blanc.com;;Почва: гравий, глина, песок. Сорта: 49% каберне фран, 47% мерло, 4% каберне совиньон.;39 га;65 лет;Ручной сбор. Ферментация в емкостях из нержавеющей стали при контролируемой температуре (урожай с каждого участка - отдельно). Мацерация 19-26 дней. Выдержка в новых бочках из французского дуба в течение 16-18 месяцев. Бленд: 55% мерло, 45% каберне фран.;;используйте декантер для молодых вин;в коллекцию;до 2040;0;0;0;0;;;;;https://winetime.moscow/chateau-cheval-blanc-premier-grand-cru-classe-2006
1,61E+11;Chateau Margaux;в наличии;;"Франция;Margaux;MarketWinetime;Выключенные;Бордо;Редкие вина;Secret-Margaux";Chateau Margaux premier grand Cru Classe 1986, 750 ml;;"«1986 - великолепный образец Шато Марго и один из самых танинных, медленно развивающихся Марго за последние 50 лет. Цвет все еще плотный, рубиново-пурпурный с легким намеком на осветление по краю. После нескольких часов аэрации ароматические вещества поражают нотами дыма, тостов, черносмородинового ликера, минералов и белых цветов. Полнотелое, с высокими, но сладкими танинами, значительной чистотой и очень мужским стилем, это вино, кажется, почти бессмертно, говоря о потенциале выдержки. Оно выходит из детского возраста и близится к подростковому. <a href=""https://bestofwines.com/wine/france/bordeaux/bordeaux-st-emilion/chateau-angelus/"">Ожидаемая зрелость:</a> 2008-2050 гг.». <br /> <em>Wine advocate, 2003</em><br />";https://static.tildacdn.com/tild3731-6531-4333-b263-373361383863/Chateau_Margaux_prem.jpg;158600.00;;;;;p3Zxu4iKBmVgDlsdnHIJ;;Франция;1986;Бордо;Каберне Совиньон, Мерло, Пти Вердо;0,75;12,50%;98;Марго;95;Красное, сухое;;19;98;Франция;https://www.chateau-margaux.com/;;Уникальнальная для своего региона комбинация типов почв: подпочва - глина и известняк, верхний слой - крупный и мелкий гравий.;265 га;50 лет;Бленд 85% каберне совиньон, 15% мерло. Ферментация частично в деревянных, частично в стальных чанах. Выдержка в течение 18-24 месяцев в новом французском дубе. Оклейка яичным белком.;;декантировать для снятия с осадка;рекомендуем в коллекцию;до 2050;0;0;0;0;;;;;https://winetime.moscow/chateau-margaux-premier-grand-cru-classe-1986
5,87E+11;Chateau Angelus;в наличии;;"Франция;Angelus;MarketWinetime;Бордо;Secret-Margaux";Chateau Angelus premier grand Cru Classe 2004, 750 ml;;Этот бленд 62% Мерло и 38% Каберне Фран - одно из самых сильных вин своего винтажа. Глубокий сине-фиолетовый цвет сопровождают классические ароматы черники и ежевики, фоном идут сильные цветочные ноты. Это вино прекрасно текстурировано, оно изобильное, яркое и чистое, сногсшибательно глубокое и полнотельное. Еще одна прекрасная, успешная работа Юбера де Буара - владельца Анжелюса. Ожидаемая зрелость: 2009-2022. <br /><br /> <em>Wine Advocate</em> <br /><br /> <em></em> <br />;https://static.tildacdn.com/tild6632-3933-4036-b437-656339333431/Angelus-2004.jpg;99000.00;;;;;IVBE8EtZ9y3drh14GVOv;;Франция;2004;Бордо;Мерло, Каберне Фран;0,75;13,50%;95;Сент-Эмильон;91;Красное, сухое;;;95;Франция;https://www.angelus.com;;Виноград растет на склонах холмов южной экспозиции. Почва: глина, известняк, песок.;27 га;38 лет;Бленд 62% мерло, 38% каберне фран. Винификация мерло проходит в дубовых и стальных цистернах, а каберне фран - в цементных при контролируемой температуре 28 градусов. Постферментационная мацерация занимает 1-3 недели. Выдержка в течение 20-22 месяцев в новом французском дубе среднего обжига.;;не используйте декантер;вино в лучшей форме;до 2022 ;0;0;0;0;Chateau Angelus premier grand Cru Classe;Этот бленд 62% Мерло и 38% Каберне Фран - одно из самых сильных вин своего винтажа. Глубокий сине-фиолетовый цвет сопровождают классические ароматы черники и ежевики, фоном идут сильные цветочные ноты. Это вино прекрасно текстурировано, оно изобильное, яркое и чистое, сногсшибательно глубокое и полнотельное. Еще одна прекрасная, успешная работа Юбера де Буара - владельца Анжелюса. Ожидаемая зрелость: 2009-2022.;;;https://winetime.moscow/chateau-angelus-premier-grand-cru-classe-2004
2,61E+11;Chateau Margaux;в наличии;;"Новинки ноября;Франция;Margaux;MarketWinetime;2001;Бордо;Secret-Margaux";Chateau Margaux Premier Grand Cru Classе 2001, 750ml;После очень дождливой зимы цветение проходило быстро и равномерно. Летняя погода была необычайно нестабильной - жаркие и холодные периоды сменяли друг друга, было то сухо, то влажно, так что созревание винограда несколько замедлилось. Сбор урожая начали на неделю позже, чем планировали (1 октября), но зато при отличной погоде. Благодаря удачной сентябрьской погоде ягоды достигли в целом отличного уровня зрелости. Каберне совиньон на некоторых участках созрел неравномерно, но вот пти вердо оказался идеально зрелым, даже лучше, чем в 2000 году.;"Шато Марго 2001 продолжает развиваться в своей впечатляющей манере. Букет ароматов очень чувственный, доминируют ноты красных, а не темных фруктов. Оно обезоруживает своей чистотой и, кажется, демонстрирует даже больше цветочных оттенков, чем его предшественник 1999. Очень устойчивое и четкое, среднетельное с эластичной текстурой и яркой кислотностью - очень свежее и живое.<br /><br />Wine Advocate, 2016<strong><span style=""font-size: 14px;"" data-redactor-tag=""span""><em></em></span></strong><br /><br /><br /><br /><em><a href=""https://winetime.moscow/wm-chateau-margaux"" data-redactor-tag=""a"" style=""background: transparent; border-bottom: 1px solid rgb(0, 68, 194); box-shadow: rgb(0, 68, 194) 0px -1px 0px 0px inset; color: rgb(34, 40, 204) !important;"">Читать</a> о#nbsp;производителе</em>";https://static.tildacdn.com/tild3736-6436-4334-b866-316638633032/margaux-2001-2.jpg;128700.00;;;;;lgXaXlEPXorai8RnPaBJ;;Франция;2001;Бордо;Каберне Совиньон, Мерло, Пти Вердо, Каберне Фран;0,75;13,00%;94;Марго;94;Красное, сухое;;18;94;Франция;https://www.chateau-margaux.com/;;Уникальнальная для своего региона комбинация типов почв: подпочва - глина и известняк, верхний слой - крупный и мелкий гравий.;265 га;50 лет;Бленд 82% каберне совиньон, 7% мерло, 7% пти вердо, 4% каберне фран. Ферментация частично в деревянных, частично в стальных чанах. Выдержка в течение 18-24 месяцев в новом французском дубе. Оклейка яичным белком.;После очень дождливой зимы цветение проходило быстро и равномерно. Летняя погода была необычайно нестабильной - жаркие и холодные периоды сменяли друг друга, было то сухо, то влажно, так что созревание винограда несколько замедлилось. Сбор урожая начали на неделю позже, чем планировали (1 октября), но зато при отличной погоде. Благодаря удачной сентябрьской погоде ягоды достигли в целом отличного уровня зрелости. Каберне совиньон на некоторых участках созрел неравномерно, но вот пти вердо оказался идеально зрелым, даже лучше, чем в 2000 году.;не используйте декантер;можно пить сейчас;до 2045;0;0;0;0;;;;;https://winetime.moscow/margaux-2001
5,27E+11;Chateau Angelus;в наличии;;"Скидки недели;Франция;Angelus;MarketWinetime;Бордо;Secret-Margaux";Chateau Angelus premier grand Cru Classe 1999, 750 ml;Вино изготовлено из винограда мерло со старейших лоз хозяйства и из каберне фран с лучших участков.;В 1999 году из-за града Анжелюсу пришлось собрать урожай раньше, и, как ни удивительно, из этого винограда получилось хорошее вино. В букете ароматов ежевика, лакрица, тапенад и инжир. Оно не обладает величием выдающихся винтажей 2000, 1998, 1990 и 1989, но остается сочным, чистым, умеренно танинным вином. <br /><br /> <em>Wine advocate, 2002</em> <br /><br />;https://static.tildacdn.com/tild3564-6434-4839-b665-303230336364/angelus-1999.jpg;109200.00;;;;;hzPMno1ZaOOBmfVyjTP0;;Франция;1999;Бордо;мерло, каберне фран;0,75;13,50%;88;Сент-Эмильон;92;Красное, сухое;;;88;Франция;https://www.angelus.com;;Виноград растет на склонах холмов южной экспозиции. Почва: глина, известняк, песок.;27 га;38 лет;Бленд 60% мерло, 40% каберне фран. Винификация мерло проходит в дубовых и стальных цистернах, а каберне фран - в цементных при контролируемой температуре 28 градусов. Постферментационная мацерация занимает 1-3 недели. Выдержка в течение 20-22 месяцев в новом французском дубе среднего обжига.;Вино изготовлено из винограда мерло со старейших лоз хозяйства и из каберне фран с лучших участков.;не используйте декантер;можно пить сейчас;до 2025;0;0;0;0;Chateau Angelus premier grand Cru Classe;Превосходное предложение для этого винтажа: Chateau Angelus 1995 обладает темно-пурпурным цветом , массивное, мощное, богатое, со сладкими и зрелыми танинами, с ароматами прованских оливок, пьяных вишен, ежевики, трюфелей и поджаренных тостов. Полнотелое, многослойное, плотное и чистое вино. Это самый концентрированный из St.-Emilion 1995 premier grand crus. Ожидаемая зрелость: с настоящего времени по 2025 год;;;https://winetime.moscow/angleus-1999
7,00E+11;Chateau Angelus;в наличии;;"Франция;Angelus;MarketWinetime;Бордо;Secret-Margaux";Chateau Angelus premier grand Cru Classe 2008, 750 ml;;"Анжелюс 2008 - недооцененный винтаж, проданный, можно сказать, за бесценок. Это вино все еще очень молодо и наполнено жизнью. У него густой фиолетовый цвет и сладко-шоколадный букет ароматов ежевики, черной смородины, цветов, подлеска и графита. Вино ближе к полнотельному, со зрелыми танинами, превосходно сбалансированное и очень чистое. Прекрасный результат для непростого винтажа. Выпейте его до 2030 года.
Wine Advocate, 2015";https://static.tildacdn.com/tild3834-6437-4262-b336-326161626335/angelus-2008.jpg;101400.00;;;;;tSmNfDoAI2gtJKPDxP7k;;Франция;2008;Бордо;мерло, каберне фран;0,75;14,00%;93;Сент-Эмильон;91;Красное, сухое;;;93;Франция;https://www.angelus.com;;Виноград растет на склонах холмов южной экспозиции. Почва: глина, известняк, песок.;27 га;38 лет;Бленд 58% мерло, 42% каберне фран. Винификация мерло проходит в дубовых и стальных цистернах, а каберне фран - в цементных при контролируемой температуре 28 градусов. Постферментационная мацерация занимает 1-3 недели. Выдержка в течение 20-22 месяцев в новом французском дубе среднего обжига.;;используйте декантер для молодых вин;можно пить сейчас;до 2050;0;0;0;0;Chateau Angelus premier grand Cru Classe;Превосходное предложение для этого винтажа: Chateau Angelus 1995 обладает темно-пурпурным цветом , массивное, мощное, богатое, со сладкими и зрелыми танинами, с ароматами прованских оливок, пьяных вишен, ежевики, трюфелей и поджаренных тостов. Полнотелое, многослойное, плотное и чистое вино. Это самый концентрированный из St.-Emilion 1995 premier grand crus. Ожидаемая зрелость: с настоящего времени по 2025 год;;;https://winetime.moscow/angleus-2008
2,98E+11;Chateau Angelus;в наличии;;"Франция;Angelus;MarketWinetime;2015;Бордо;Secret-Margaux";Chateau Angelus premier grand Cru Classe 2015, 750 ml;;Вино глубокого гранатово-фиолетового цвета, Анжелюс 2015 поначалу кажется немного скованным, но в бокале раскрывается восхитительным букетом ароматов малинового джема, спелой сливы, вишни в шоколаде, чайного листа, фиалок, пряного пирога, корицы и аниса. Полнотельное вино с густой, бархатистой, обволакивающей текстурой. Во вкусе - темные и красные фрукты, цветочная нота. Потрясающе долгое, устойчивое послевкусие. <br /><br /> <em>Wine Advocate, 2020</em><br />;https://static.tildacdn.com/tild3737-6366-4330-b435-306261383838/angelus-2015.jpg;93000.00;;;;;gB26jpy4tfo2KuovHIxf;;Франция;2015;Бордо;мерло, каберне фран;0,75;15%;97;Сент-Эмильон;96;Красное, сухое;;;97;Франция;https://www.angelus.com;;Виноград растет на склонах холмов южной экспозиции. Почва: глина, известняк, песок.;27 га;38 лет;Бленд 62% мерло, 38% каберне фран. Винификация мерло проходит в дубовых и стальных цистернах, а каберне фран - в цементных при контролируемой температуре 28 градусов. Постферментационная мацерация занимает 1-3 недели. Выдержка в течение 20-22 месяцев в новом французском дубе среднего обжига.;О лучших погодных условиях, чем были в 2015 году, виноделы не могут и мечтать. Цветение было равномерным, а дождей прошло ровно столько, сколько нужно, чтобы почвы успели накопить влагу перед летней жарой. Июнь и июль были жаркими и сухими, а август и сентябрь - мягкими и умеренно дождливыми, так что ягоды достигли идеальной зрелости и превосходного баланса. Мерло начали собирать 22 сентября, а каберне фран - 8 октября. Сбор урожая завершился 14 октября.;используйте декантер для молодых вин;в коллекцию;2023-2050;0;0;0;0;Chateau Angelus premier grand Cru Classe;Превосходное предложение для этого винтажа: Chateau Angelus 1995 обладает темно-пурпурным цветом , массивное, мощное, богатое, со сладкими и зрелыми танинами, с ароматами прованских оливок, пьяных вишен, ежевики, трюфелей и поджаренных тостов. Полнотелое, многослойное, плотное и чистое вино. Это самый концентрированный из St.-Emilion 1995 premier grand crus. Ожидаемая зрелость: с настоящего времени по 2025 год;;;https://winetime.moscow/angelus-2015
9,83E+11;Chateau Mouton Rothschild;в наличии;;"Франция;Избранное 2;Mouton Rothschild;MarketWinetime;Пойяк;Бордо;Secret-Margaux";Chateau Mouton Rothschild 2005;Этикетку для Шато Мутон Ротшильд 2005 оформил итальянский скульптор и художник Джузеппе Пеноне. Если рассмотреть рисунок поближе, можно увидеть, как в линиях на рабочей руке винодела повторятся рисунок виноградного листа.;По признанию нового главного винодела Philippe Dhalluin, тот год был для него особенным, ведь это его первый великий винтаж в новой должности. У Мутон Ротшильд 2005 глубокий гранатовый цвет, чуть кирпичный, и яркий, пышный аромат рождественского пирога, сливового варенья, вишни в шоколаде, эвкалипта и черносмородинового ликера с очаровательными нотами сухих цветов, фимиама, индийских специй и сигарной коробки. Вино полнотельное, с пьянящим многослойным вкусом экзотических пряностей, цветочными и земляными нотами, с зернистыми танинами, фантастически свежее, с долгим минеральным послевкусием. <br /><br /> <em>Wine Advocate, 2019</em><br />;https://static.tildacdn.com/tild3561-3638-4230-b930-623839333538/mouton-2005-2.jpg;192000.00;;;;;Dv1Ca5bMrVTysB8fFvHH;;Франция;2005;Бордо;каберне совиньон, мерло, каберне фран;0,75;13,00%;98;Пойяк;95;Красное, сухое;;;98;Франция;https://www.chateau-mouton-rothschild.com;;Почва: глина, известняк, песок, гравий. Лозы растут на небольших холмах высотой 27-40 метров над уровнем моря с идеальной солнечной экспозицией и природным дренажем.;90 га;44 года;Бленд: 85% каберне совиньон, 14% мерло, 1% каберне фран. Ручной сбор и сортировка. Ферментация в дубовых и стальных емкостях при контролируемой температуре. Выдержка в новом французском дубе в течение 20 месяцев. Оклейка яичным белком.;Этикетку для Шато Мутон Ротшильд 2005 оформил итальянский скульптор и художник Джузеппе Пеноне. Если рассмотреть рисунок поближе, можно увидеть, как в линиях на рабочей руке винодела повторятся рисунок виноградного листа.;используйте декантер для молодых вин;в коллекцию;до 2055;0;0;0;0;;;;;https://winetime.moscow/mouton-2005
9,19E+11;Chateau Mouton Rothschild;в наличии;;"Франция;Избранное 2;Mouton Rothschild;MarketWinetime;Пойяк;2009;Бордо;Secret-Margaux";Chateau Mouton Rothschild 2009;Этикетку для Шато Мутон Ротшильд 2009 создал известный британский скульптор индийского происхождения Аниш Капур. Может показаться, что верхней части этикетки вовсе нет, а просто бутылка вина стоит перед источниками света.;У Мутон Ротшильд 2009 глубокий гранатовый цвет и мощный аромат черносмородинового ликера, сливового джема, индийских специй и камфоры с яркими земляными нотами: подлесок, вспаханная земля, грибы. Вино полнотельное, с бархатистыми танинами и многослойным вкусом фруктового джема и экзотических пряностей, очень свежее, с долгим фруктовым послевкусием. <br /><br /> <em>Wine Advocate, 2019</em><br />;https://static.tildacdn.com/tild3532-6131-4362-b131-663639303635/mouton-2009.jpg;199000.00;;;;;ErZ2UFlRzZkDKXthyejG;;Франция;2009;Бордо;каберне совиньон, мерло;0,75;13,00%;99;Пойяк;98;Красное, сухое;;;99;Франция;https://www.chateau-mouton-rothschild.com;;Почва: глина, известняк, песок, гравий. Лозы растут на небольших холмах высотой 27-40 метров над уровнем моря с идеальной солнечной экспозицией и природным дренажем.;90 га;44 года;Бленд: 88% каберне совиньон, 12% мерло. Ручной сбор и сортировка. Ферментация в дубовых и стальных емкостях при контролируемой температуре. Выдержка в новом французском дубе в течение 20 месяцев. Оклейка яичным белком.;Этикетку для Шато Мутон Ротшильд 2009 создал известный британский скульптор индийского происхождения Аниш Капур. Может показаться, что верхней части этикетки вовсе нет, а просто бутылка вина стоит перед источниками света.;используйте декантер для молодых вин;в коллекцию;до 2060;0;0;0;0;;;;;https://winetime.moscow/mouton-2009
1,80E+11;Chateau Margaux;в наличии;;"Франция;Margaux;MarketWinetime;Бордо;Редкие вина;Secret-Margaux";Chateau Margaux premier grand Cru Classe 2002, 750 ml;Суровая весенняя погода, с дождями, заморозками, сильными ветрами, испортила урожай мерло уже на стадии цветения. В 2002 году виноделы в Шато Марго столкнулись с явлением, которое по-французски называется “millerandage”: гроздь винограда созревает неравномерно, ягоды на ней имеют разный размер и разную зрелость. Лето было холодным и достаточно влажным, зато в сентябре пришло “бабье лето”: жаркая, сухая и солнечная погода установилась надолго. Урожай мерло это, впрочем, не спасло, зато каберне совиньон, каберне фран и пти вердо взяли все, что могли от этого подарка природы - сбор начался 30 сентября, и виноград собрали идеально зрелым. В 2002 году впервые за всю историю Шато Марго в финальный бленд не вошел мерло.;Шато Марго 2002 года - это вино глубокого рубиново-фиолетового цвета, по стилю оно напоминает Марго 1988, только более мощное, концентрированное и объемное. У него элегантный аромат темных фруктов с нотами трюфеля, цветов и дуба. Вино ближе к полнотельному, концентрированное, восхитительно устойчивое и свежее, с долгим густым многомерным послевкусием. <br /><br /> <em>Wine Advocate, 2005</em><br />;https://static.tildacdn.com/tild6630-3961-4432-b864-616361356164/margaux-2002-2.jpg;;;;;;saTHRJl6y90T5vuGJeY7;;Франция;2002;Бордо;Каберне совиньон, каберне фран, пти вердо;0,75;13,00%;93;Марго;95;Красное, сухое;;17;93;Франция;https://www.chateau-margaux.com/;;Уникальнальная для своего региона комбинация типов почв: подпочва - глина и известняк, верхний слой - крупный и мелкий гравий.;265 га;50 лет;Бленд 87% каберне совиньон, 8% каберне фран, 5% пти вердо. Ферментация частично в деревянных, частично в стальных чанах. Выдержка в течение 18-24 месяцев в новом французском дубе. Оклейка яичным белком.;Суровая весенняя погода, с дождями, заморозками, сильными ветрами, испортила урожай мерло уже на стадии цветения. В 2002 году виноделы в Шато Марго столкнулись с явлением, которое по-французски называется “millerandage”: гроздь винограда созревает неравномерно, ягоды на ней имеют разный размер и разную зрелость. Лето было холодным и достаточно влажным, зато в сентябре пришло “бабье лето”: жаркая, сухая и солнечная погода установилась надолго. Урожай мерло это, впрочем, не спасло, зато каберне совиньон, каберне фран и пти вердо взяли все, что могли от этого подарка природы - сбор начался 30 сентября, и виноград собрали идеально зрелым. В 2002 году впервые за всю историю Шато Марго в финальный бленд не вошел мерло.;не используйте декантер;вино в лучшей форме;до 2030;0;0;0;0;;;;;https://winetime.moscow/margaux-2002
1,15E+11;Chateau Margaux;в наличии;;"Франция;Margaux;MarketWinetime;100 Points;Бордо;Secret-Margaux";Chateau Margaux premier grand Cru Classe 2005, 750 ml;Из-за очень холодной зимы почки распустились на неделю позже обычного. Весна была жаркой и солнечной, грозди развивались равномерно, цветение было быстрым. Лето выдалось стабильно теплым и солнечным, но очень засушливым: с 1 мая и до самого сбора урожая (20 сентября) было зафиксировано всего 100 мм осадков. Такого лета виноделы Шато Марго еще не видели. К счастью, великие терруары обладают способностью сглаживать капризы погоды.;У Шато Марго 2005 щедрый аромат черной смородины, новой седельной кожи, цветочных лепестков и пряностей. Дубовая нота уже полностью скрылась за яркой фруктовостью этого полнотельного, чистейшего, восхитительного вина! Это концентрированное, насыщенное, но при этом поразительно элегантное, многомерное вино обладает очень долгим послевкусием (более 45 секунд). Его можно пить сейчас, но знайте, что через 5-10 лет оно станет еще лучше, а прожить может еще по крайней мере 25 лет. <br /><br /> <em>Wine Advocate, 2015</em><br />;https://static.tildacdn.com/tild3134-6239-4137-b036-663234646462/margaux-2005.jpg;227500.00;;;;;MANNa8OIvZ9uP0tYUMJV;;Франция;2005;Бордо;Каберне совиньон, мерло;0,75;13,00%;98;Марго;100;Красное, сухое;;;98;Франция;https://www.chateau-margaux.com/;;Уникальнальная для своего региона комбинация типов почв: подпочва - глина и известняк, верхний слой - крупный и мелкий гравий.;265 га;50 лет;Бленд 85% каберне совиньон, 15% мерло. Ферментация частично в деревянных, частично в стальных чанах. Выдержка в течение 18-24 месяцев в новом французском дубе. Оклейка яичным белком.;Из-за очень холодной зимы почки распустились на неделю позже обычного. Весна была жаркой и солнечной, грозди развивались равномерно, цветение было быстрым. Лето выдалось стабильно теплым и солнечным, но очень засушливым: с 1 мая и до самого сбора урожая (20 сентября) было зафиксировано всего 100 мм осадков. Такого лета виноделы Шато Марго еще не видели. К счастью, великие терруары обладают способностью сглаживать капризы погоды.;используйте декантер для молодых вин;в коллекцию;до 2050;0;0;0;0;;;;;https://winetime.moscow/margaux-2005
3,33E+11;Chateau Cheval Blanc;в наличии;;"Франция;MarketWinetime;Cheval Blanc;2001;Бордо;Secret-Margaux";Chateau Cheval Blanc premier grand Cru Classe 2001, 750 ml;2001-й был достаточно сухим, но не исключительно жарким годом. Первые четыре месяца выдались умеренно влажными, за исключением, пожалуй, февраля - он был относительно сухим. Количество осадков и температура воздуха с апреля по сентябрь почти всегда оставались на обычном сезонном уровне, за исключением того, что август был чуть жарче (на 1,6 градуса), а сентябрь чуть холоднее (на 2,2 градуса). Урожай собирали в хороших условиях - было всего два дождливых дня. 2001-й можно считать хорошим годом. 55% собранного винограда попали в бленд главного вина Chateau Cheval Blanc 2001.;Я был очень удивлен тому, каким мягким, богатым и чувственным оказался Шеваль Блан 2001, ведь вина этого Шато в молодом возрасте обычно очень сдержанны. У него глубокий рубиново-фиолетовый цвет и сладкий аромат клюквы, черной смородины, ментола, азиатских специй и подлеска. Этот соблазнительный бленд мерло и каберне фран обладает сочной сладостью, средним телом и зрелыми, хорошо интегрированными танинами. Очень характерное вино с яркой индивидуальностью. <br /><br /> <em>Wine Advocate, 2004</em><br />;https://static.tildacdn.com/tild3966-6539-4230-a638-613462336239/cheval-blanc-2001.jpg;158600.00;;;;;gZFYsNokGlBIgOR8eJTs;;Франция;2001;Бордо;Мерло, Каберне Фран;0,75;13,50%;93;Сент-Эмильон;97;Красное, сухое;;17;93;Франция;https://www.chateau-cheval-blanc.com;;Почва: гравий, глина, песок. Сорта: 49% каберне фран, 47% мерло, 4% каберне совиньон.;39 га;65 лет;Ручной сбор. Ферментация в емкостях из нержавеющей стали при контролируемой температуре (урожай с каждого участка - отдельно). Мацерация 19-26 дней. Выдержка в новых бочках из французского дуба в течение 16-18 месяцев. Бленд: 60% мерло, 40% каберне фран.;2001-й был достаточно сухим, но не исключительно жарким годом. Первые четыре месяца выдались умеренно влажными, за исключением, пожалуй, февраля - он был относительно сухим. Количество осадков и температура воздуха с апреля по сентябрь почти всегда оставались на обычном сезонном уровне, за исключением того, что август был чуть жарче (на 1,6 градуса), а сентябрь чуть холоднее (на 2,2 градуса). Урожай собирали в хороших условиях - было всего два дождливых дня. 2001-й можно считать хорошим годом. 55% собранного винограда попали в бленд главного вина Chateau Cheval Blanc 2001.;не используйте декантер;можно пить сейчас;до 2030;0;0;0;0;;;;;https://winetime.moscow/cheval-blanc-2001
9,77E+11;Chateau Cheval Blanc;в наличии;;"Франция;MarketWinetime;Cheval Blanc;Бордо;Редкие вина;Secret-Margaux";Chateau Cheval Blanc premier grand Cru Classe 2005, 750 ml;2005 год был чрезвычайно успешным для виноделов Бордо в целом и для Шато Шеваль Блан в частности. Все великие года Бордо (1989, 1990, 1995, 1998, 2000, 2009, 2010) были очень сухими, и 2005 год, рекордно сухой, еще раз подтвердил эту закономерность. Общее количество осадков с января по сентябрь составило 344 мм (обычно в среднем выпадает 572 мм), и очень теплым, но без сильной, изнуряющей жары, как в 2003 году. Температура с апреля по сентябрь была на 1,7 градуса выше средних сезонных показателей. Погодные условия были одинаково идеальны как для мерло, так и для каберне фран.;Шеваль Блан 2005 - это квинтэссенция элегантности. У него прекрасный глубокий синевато-рубиновый цвет и роскошный аромат малины, черники и цветочных лепестков - впечатляюще плотный, устойчивый, свежий и чистый. Полнотельное, но очень легкое вино, говоря о нем, сложно сдерживать восторг: оно супернасыщенное, богатое, и до чего филигранно сделано! Это волшебное вино, превосходное воплощение винтажа! Очаровательно фруктовое, незабываемое вино со сладкими танинами и многослойной текстурой. Пейте его в течение следующих 20 лет. <br /><br /> <em>Wine Advocate, 2015</em> <br /><br />;https://static.tildacdn.com/tild3935-6330-4633-b634-656666653863/cheval-blanc-2005.jpg;245700.00;;;;;SJAev5Ld3Iyaf3e7BIYl;;Франция;2005;Бордо;Мерло, Каберне Фран;0,75;13,50%;100;Сент-Эмильон;97;Красное, сухое;;;100;Франция;https://www.chateau-cheval-blanc.com;;Почва: гравий, глина, песок. Сорта: 49% каберне фран, 47% мерло, 4% каберне совиньон.;39 га;65 лет;Ручной сбор. Ферментация в емкостях из нержавеющей стали при контролируемой температуре (урожай с каждого участка - отдельно). Мацерация 19-26 дней. Выдержка в новых бочках из французского дуба в течение 16-18 месяцев. Бленд: 50% мерло, 50% каберне фран.;2005 год был чрезвычайно успешным для виноделов Бордо в целом и для Шато Шеваль Блан в частности. Все великие года Бордо (1989, 1990, 1995, 1998, 2000, 2009, 2010) были очень сухими, и 2005 год, рекордно сухой, еще раз подтвердил эту закономерность. Общее количество осадков с января по сентябрь составило 344 мм (обычно в среднем выпадает 572 мм), и очень теплым, но без сильной, изнуряющей жары, как в 2003 году. Температура с апреля по сентябрь была на 1,7 градуса выше средних сезонных показателей. Погодные условия были одинаково идеальны как для мерло, так и для каберне фран.;не используйте декантер;вино в лучшей форме;до 2035;0;0;0;0;;;;;https://winetime.moscow/cheval-blanc-2005
4,64E+11;Chateau Cheval Blanc;в наличии;;"Франция;MarketWinetime;Cheval Blanc;Бордо;Secret-Margaux";Chateau Cheval Blanc premier grand Cru Classe 2012, 750 ml;2012 год был сухим в достаточной мере теплым, с чудесным “бабьим летом”. Апрель был холодным и дождливым, в мае и июне стало теплее, но дожди продолжались до 15 июля. После установилась прекрасная сухая погода: с 15 июля по 20 сентября выпало всего 30 мм осадков (в среднем в это время выпадает 120 мм). В конце сентября прошли дожди, но весь месяц все же был значительно суше, чем обычно (48 мм против обычного 81 мм). Начало октября выдалось теплым, почти без дождей. В целом 2012 год напоминает 2000-й: первая половина дождливая, вторая, наоборот, очень сухая. Температурные отметки в двух сезонах также почти равны.;У Шеваль Блан 2012 глубокий гранатовый цвет и очаровательный аромат черносмородинового ликера, черешни, джема из красной смородины, кедра, специй и сырой земли. Вино скорее полнотельное, очень яркое и свежее, с восхитительной, легкой текстурой и долгим минеральным послевкусием. Через пару лет оно выйдет на плато зрелости, где пробудет не менее 20 лет. <br /><br /> <em>Wine Advocate, 2018</em><br />;https://static.tildacdn.com/tild6138-3639-4265-b036-646662656131/cheval-blanc-2012.jpg;116935.00;;;;;vSvibHTxrl45spd2oI2f;;Франция;2012;Бордо;Мерло, Каберне Фран, Каберне Совиньон;0,75;13,50%;95;Сент-Эмильон;95;Красное, сухое;;;95;Франция;https://www.chateau-cheval-blanc.com;;Почва: гравий, глина, песок. Сорта: 49% каберне фран, 47% мерло, 4% каберне совиньон.;39 га;65 лет;Ручной сбор. Ферментация в емкостях из нержавеющей стали при контролируемой температуре (урожай с каждого участка - отдельно). Мацерация 19-26 дней. Выдержка в новых бочках из французского дуба в течение 16-18 месяцев. Бленд: 53% мерло, 45% каберне фран, 2% каберне совиньон.;2012 год был сухим в достаточной мере теплым, с чудесным “бабьим летом”. Апрель был холодным и дождливым, в мае и июне стало теплее, но дожди продолжались до 15 июля. После установилась прекрасная сухая погода: с 15 июля по 20 сентября выпало всего 30 мм осадков (в среднем в это время выпадает 120 мм). В конце сентября прошли дожди, но весь месяц все же был значительно суше, чем обычно (48 мм против обычного 81 мм). Начало октября выдалось теплым, почти без дождей. В целом 2012 год напоминает 2000-й: первая половина дождливая, вторая, наоборот, очень сухая. Температурные отметки в двух сезонах также почти равны.;используйте декантер для молодых вин;можно пить сейчас;до 2040;0;0;0;0;;;;;https://winetime.moscow/cheval-blanc-2012
7,97E+11;Chateau Mouton Rothschild;в наличии;;"Франция;Избранное 2;Mouton Rothschild;MarketWinetime;Пойяк;Rare Wines;Бордо;Secret-Margaux";Chateau Mouton Rothschild 1995, 750 ml;Этикетку для Мутона 1995 создал каталонский художник Антони Тапиес (1923−2012). На рисунке он изобразил нос, два сердца, рот и глаз. Их алые очертания непросто различить, но в этом, по словам художника, и была задумка: этикетка изображает одновременное возбуждение и торжество всех чувств — состояние, которое способно вызвать только великое вино;"У Мутон Ротшильд 1995 насыщенный гранатовый цвет и очаровательный, мягкий аромат черешни, маслин и кофе. Вино полнотельное, многослойное, с хорошо интегрированной дубовой нотой. Во вкусе - сладкие, спелые красные фрукты, малина, черешня. Завидная устойчивость!#nbsp;<br /><em>Wine Advocate, 2006 </em>";https://static.tildacdn.com/tild3638-3262-4564-b337-643039646338/96000_x_4000.jpg;198000.00;;;;;89HzExBk2mG8d3g1yB3p;;Франция;1995;Бордо;Каберне Совиньон, Мерло, Каберне Фран;0,75;12,50%;95;Пойяк;99;Красное, сухое;;18,5;95;Франция;https://www.chateau-mouton-rothschild.com;;Почва: глина, известняк, песок, гравий. Лозы растут на небольших холмах высотой 27-40 метров над уровнем моря с идеальной солнечной экспозицией и природным дренажем.;90 га;44 года;72% каберне совиньон, 19% мерло, 9% каберне фран. Ручной сбор и сортировка. Ферментация в дубовых и стальных емкостях при контролируемой температуре. Выдержка в новом французском дубе в течение 20 месяцев. Оклейка яичным белком.;Этикетку для Мутона 1995 создал каталонский художник Антони Тапиес (1923−2012). На рисунке он изобразил нос, два сердца, рот и глаз. Их алые очертания непросто различить, но в этом, по словам художника, и была задумка: этикетка изображает одновременное возбуждение и торжество всех чувств — состояние, которое способно вызвать только великое вино.;используйте декантер для старых вин;вино в лучшей форме;до 2030;0;0;0;0;;;;;https://winetime.moscow/chateau-mouton-rothschild-1995
2,38E+11;Chateau Mouton Rothschild;в наличии;;"Франция;Избранное 2;Mouton Rothschild;MarketWinetime;Пойяк;Бордо;Редкие вина;Secret-Margaux";Chateau Mouton Rothschild 1988 (5L);Chateau Mouton Rothschild 1988 года в редчайшем объеме 5 литров — такую бутылку во Франции называют «бордоский Иеровоам». Единственный экземпляр в России. Этикетку для Мутона 1988 создал американский художник Кит Харинг. Два очаровательных танцующих барашка — остроумная отсылка к гербу Шато Мутон Ротшильд.;У Шато Мутон Ротшильд 1988 очаровательный аромат экзотических специй, минералов, кофе, черной смородины и сладкого дуба. Вино среднетельное, сочное, достаточно танинное. Оно было бы превосходным, если бы не коротковатое послевкусие.<br /><strong>Роберт Паркер</strong>;https://static.tildacdn.com/tild3432-3633-4565-a363-323831363165/tild6361-3839-4766-b.jpeg;920000.00;;;;;tmnSoTXNSiNhI2RBdLiM;;Франция;1988;Бордо;Каберне совиньон, Мерло, Каберне Фран, Пти Вердо.;5;12,50%;89;Пойяк;92;Красное, сухое;;;89;Франция;https://www.chateau-mouton-rothschild.com;;Почва: глина, известняк, песок, гравий. Лозы растут на небольших холмах высотой 27-40 метров над уровнем моря с идеальной солнечной экспозицией и природным дренажем.;90 га;44 года;75% каберне совиньон, 13% мерло, 10% каберне фран, 2% пти вердо. Ручной сбор и сортировка. Ферментация в дубовых и стальных емкостях при контролируемой температуре. Выдержка в новом французском дубе в течение 20 месяцев. Оклейка яичным белком.;Chateau Mouton Rothschild 1988 года в редчайшем объеме 5 литров — такую бутылку во Франции называют «бордоский Иеровоам». Единственный экземпляр в России. Этикетку для Мутона 1988 создал американский художник Кит Харинг. Два очаровательных танцующих барашка — остроумная отсылка к гербу Шато Мутон Ротшильд.;не используйте декантер;вино в лучшей форме;до 2025;0;0;0;0;;;;;https://winetime.moscow/chateau-mouton-1988-5l
3,11E+11;Chateau Mouton Rothschild;в наличии;;"Франция;Избранное 2;Mouton Rothschild;MarketWinetime;Пойяк;Бордо;Редкие вина;Secret-Margaux";Chateau Mouton Rothschild 1994 (3L);Легендарный Мутон в двойном магнуме. Идеально в подарок или в личную коллекцию. Этикетку для этого винтажа оформил знаменитый нидерландский художник Карел Аппел (1921−2006). На рисунке, выполненном в «первобытном» стиле, изображены фигуры, исполняющие ритуальный танец вокруг бутылки вина. Внутри бутылки заключен дух вина, и танец призван этот дух освободить.;1994 был сложным винтажем, и многие топовые вина Бордо уже успели выйти на плато и даже достичь своего пика. Первые Крю - не исключение. У этого Мутон Ротшильд 1994 все еще достаточно “молодой” аромат: ежевика, мята, черносмородиновый ликер, фруктовая пастила. Вино среднетельное, со свежей кислотностью и приятным многослойным вкусом. При этом ему несколько не достает глубины и сложности других винтажей, хотя на финише и появляется интригующая черничная нотка.<br /><strong>Wine Advocate, 2011</strong>;https://static.tildacdn.com/tild3961-3739-4231-b239-633766633632/tild6339-6132-4465-a.jpeg;550000.00;;;;;upL9Uyl6GGX6xZUsMNoD;;Франция;1994;Бордо;Каберне Совиньон, Мерло, Каберне Фран;3;12,50%;91;Пойяк;91;Красное, сухое;;18,5;91;Франция;https://www.chateau-mouton-rothschild.com;;Почва: глина, известняк, песок, гравий. Лозы растут на небольших холмах высотой 27-40 метров над уровнем моря с идеальной солнечной экспозицией и природным дренажем.;90 га;44 года;80% каберне совиньон, 10% мерло, 10% каберне фран. Ручной сбор и сортировка. Ферментация в дубовых и стальных емкостях при контролируемой температуре. Выдержка в новом французском дубе в течение 20 месяцев. Оклейка яичным белком.;Легендарный Мутон в двойном магнуме. Идеально в подарок или в личную коллекцию. Этикетку для этого винтажа оформил знаменитый нидерландский художник Карел Аппел (1921−2006). На рисунке, выполненном в «первобытном» стиле, изображены фигуры, исполняющие ритуальный танец вокруг бутылки вина. Внутри бутылки заключен дух вина, и танец призван этот дух освободить.;не используйте декантер;вино в лучшей форме;до 2025;0;0;0;0;;;;;https://winetime.moscow/chateau-mouton-1994-3l
5,71E+11;Chateau Margaux;в наличии;;"Франция;Margaux;Бордо;Secret-Margaux";Chateau Margaux 2006, 750ml;;"У Шато Марго 2006 очень легкий, воздушный, но при этом четко очерченный аромат: земляника, красная смородина, кедр, лепестки розы. Это вино не стремится быть мощным и пышным, как, скажем, Пальмер того же винтажа. Вино хорошо сбалансировано, оно обладает заметными, но изящными танинами. Лет через десять оно выйдет на плато зрелости. Это Шато Марго не обладает мощью и показной вычурностью, оно ведет себя сдержанно и элегантно, в манере, свойственной Лафиту. Полностью это вино понимаешь только сделав глоток, и это тот случай, когда не можешь не сделать следующий.
Wine Advocate, 2016";https://static.tildacdn.com/tild3163-3532-4664-b538-333461666566/margaux-2006.jpg;137800.00;;;;;GyccXY5hJe9vBmu9Nodg;;Франция;2006;Бордо;Каберне Совиньон, Мерло;0,75;13,00%;94;Марго;92;Красное, сухое;;;;Франция;https://www.chateau-margaux.com/;;Уникальнальная для своего региона комбинация типов почв: подпочва - глина и известняк, верхний слой - крупный и мелкий гравий.;265 га;50 лет;Бленд 90% каберне совиньон, 10% мерло. Ферментация частично в деревянных, частично в стальных чанах. Выдержка в течение 18-24 месяцев в новом французском дубе. Оклейка яичным белком.;;не используйте декантер;вино в лучшей форме;до 2030;0;0;0;0;;;;;https://winetime.moscow/margaux-2006
8,95E+11;Chateau Margaux;в наличии;;"Франция;Margaux;Бордо;Редкие вина;Secret-Margaux";Chateau Margaux 2016, 3000ml;Выдающееся вино от великого хозяйства. Двойной магнум Шато Марго станет бриллиантом в винной коллекции премиального уровня. Открыть его в ближайшие десятилетия будет преступлением: окно зрелости сейчас осторожно ограничивают 2063 годом, но, очень вероятно, это не предел, особенно для двойного магнума. В оригинальной коробке от производителя.;Шато Марго 2016 обладает насыщенным гранатово-фиолетовым цветом и пленительным ароматом красной смородины, фиалок, вишневого бренди и черной смородины с дополнительными нотками вспаханной земли, подлеска, железа, сигарного ящика, лаванды и чая улун. Вино среднетельное, во вкусе - заметная минеральность, а текстура сенсационно невесомая! В то же время это вино очень насыщенное и многослойное - красные и темные фрукты в обрамлении изящных танинов, - с восхитительно ароматным и невероятно долгим послевкусием. Wine Advocate, 2018;https://static.tildacdn.com/tild3835-3364-4235-a533-383961373837/margaux-2016-1.jpg;960000.00;;;;;dAdZ8rpkNhbS2oTmOV1N;;Франция;2016;Бордо;Каберне Совиньон, Каберне Фран, Мерло, Пти Вердо;3;13,50%;99;Марго;97;Красное, сухое;;;;Франция;https://www.chateau-margaux.com/;;Уникальнальная для своего региона комбинация типов почв: подпочва - глина и известняк, верхний слой - крупный и мелкий гравий.;265 га;50 лет;Бленд 94% каберне совиньон, 3% каберне фран, 2% мерло, 1% пти вердо. Ферментация частично в деревянных, частично в стальных чанах. Выдержка в течение 18-24 месяцев в новом французском дубе. Оклейка яичным белком.;Выдающееся вино от великого хозяйства. Двойной магнум Шато Марго станет бриллиантом в винной коллекции премиального уровня. Открыть его в ближайшие десятилетия будет преступлением: окно зрелости сейчас осторожно ограничивают 2063 годом, но, очень вероятно, это не предел, особенно для двойного магнума. В оригинальной коробке от производителя.;используйте декантер для молодых вин;в коллекцию;2024-2063;0;0;0;0;;;;;https://winetime.moscow/margaux-2016
5,09E+11;Chateau Margaux;в наличии;;"Франция;Margaux;Бордо;Редкие вина;Secret-Margaux";Chateau Margaux 2017, 1500ml;;"Шато Марго 2017 обладает глубоким гранатово-фиолетовым цветом. После недолгой аэрации оно выдает ароматы черной смородины, шоколадно-вишневого пирога и малины + тонкие нотки фиалок, вспаханной земли, опавшей листвы, лакрицы, эспрессо, подлеска и чая с шиповником. Вино среднетельное, элегантность его текстуры ослепляет: оно спокойно демонстрирует насыщенный вкус свежих темных фруктов, тончайшие цветочные и земляные ноты. Текстура мягкая, бархатистая. Вино очень свежее, с долгим ароматным послевкусием. Превосходно! На это grand vin ушло всего 37% урожая хозяйства.
Wine Advocate, 2020";https://static.tildacdn.com/tild6637-3637-4737-a261-373636353338/margaux-2017.jpg;292500.00;;;;;FoEFsE0GNNrduNNsTUIY;;Франция;2017;Бордо;Каберне Совиньон, Мерло, Каберне Фран, Пти Вердо;1,5;14,60%;98;Марго;95;Красное, сухое;;;;Франция;https://www.chateau-margaux.com/;;Уникальнальная для своего региона комбинация типов почв: подпочва - глина и известняк, верхний слой - крупный и мелкий гравий.;265 га;50 лет;Бленд 89% каберне совиньон, 8% мерло, 2% каберне фран, 1% пти вердо. Ферментация частично в деревянных, частично в стальных чанах. Выдержка в течение 18-24 месяцев в новом французском дубе. Оклейка яичным белком.;;используйте декантер для молодых вин;в коллекцию;2024-2060;0;0;0;0;;;;;https://winetime.moscow/margaux-2017